Share Name,SQL Table Name,Ticker,Country,Sector,Investing.com,Invest
$ Corp Bond,$ Corp Bond,LQGH,UK,,,
$ Floating Rate Bond,$ Floating Rate Bond,FLOS,UK,,,
888,Eight Eight Eight,888,UK,,https://www.investing.com/equities/888-holdings-ratios,
3i,Threei,III,UK,IM,https://www.investing.com/equities/3i-ratios,
3i Infrastructure,Threei Infrastructure,3iN,UK,,https://www.investing.com/equities/3i-infrsttr-ratios,
4imprint,Fourimprint,FOUR,UK,,https://www.investing.com/equities/4imprint-group-plc-ratios,
AB Dynamics,AB Dynamics,ABDP,UK,,https://www.investing.com/equities/ab-dynamics-ratios,
Abcam,Abcam,ABC,UK,,https://www.investing.com/equities/abcam-plc-ratios,
Aberforth,Aberforth,ASL,UK,,https://www.investing.com/equities/aberforth-smaller-companies-tst-ratios,
ABF,ABF,ABF,UK,Food & Bev,https://www.investing.com/equities/assoc.br.foods-ratios,
Acacia Mining,Acacia Mining,,UK,Gold Mining,,
Admiral,Admiral,ADM,UK,Insurance,https://www.investing.com/equities/admiral-group-ratios,
Advanced Medical Solutions,Advanced Medical Solutions,AMS,UK,,https://www.investing.com/equities/advanced-medical-solutions-group-ratios,
Ageing Population,Ageing Population,AGES,UK,,,
Aggreko,Aggreko,AGK,UK,,https://www.investing.com/equities/aggreko-ratios?cid=32586,
AJ Bell,AJ Bell,AJB,UK,,https://www.investing.com/equities/aj-bell-ratios,
Alliance Pharma,Alliance Pharma,APH,UK,,https://www.investing.com/equities/alliance-pharma-ratios,
Alliance Trust,Alliance Trust,ATST,UK,IM,https://www.investing.com/equities/alliance-trust-plc-ord-shs-25p-ratios,Maybe
Allianz Technology,Allianz Technology,ATT,UK,,https://www.investing.com/equities/rcm-technology-trust-plc-ratios,
American Investment - JPM,American Investment - JPM,JAM,UK,IM,https://www.investing.com/equities/jp-morgan-american-investment-trust-ratios,
Amigo Holdings,Amigo Holdings,AMGO,UK,,https://www.investing.com/equities/amigo-ratios,
Anglo American,Anglo American,AAL,UK,Mining,https://www.investing.com/equities/anglo-american-ratios,
Antofagasta,Antofagasta,ANTO,UK,Copper Mining,https://www.investing.com/equities/antofagasta-ratios,
AO,AO,AO,UK,eCommerce,https://www.investing.com/equities/ao-world-ratios,
Apax Global Alpha,Apax Global Alpha,APAX,UK,,https://www.investing.com/equities/apax-global-alpha-ltd-ratios,Maybe
Ascetial,Ascetial,ASCL,UK,,https://www.investing.com/equities/ascential-plc-ratios,
Ashmore Group,Ashmore Group,ASHM,UK,,https://www.investing.com/equities/ashmore-ratios,
Ashtead,Ashtead,AHT,UK,Equipment Rental,https://www.investing.com/equities/ashtead-group-ratios,
Asia Dragon,Asia Dragon,DGN,UK,,,
Aston Martin,Aston Martin,AML,UK,Cars,https://www.investing.com/equities/aston-martin-ratios,
ASOS,ASOS,ASC,UK,,https://www.investing.com/equities/asos-plc-ratios,
AstraZeneca,AstraZeneca,AZN,UK,Pharmaceutical,https://www.investing.com/equities/astrazeneca-ratios,
Augmentum Fintech,Augmentum Fintech,AUGM,UK,,https://www.investing.com/equities/augmentum-fintech-ratios,
Autotrader,Autotrader,AUTO,UK,eCommerce,https://www.investing.com/equities/auto-trader-group-plc-ratios,
Avast,Avast,AVST,UK,Tech,https://www.investing.com/equities/avast-holdings-balance-sheet,
Aveva,Aveva,AVV,UK,Software,https://www.investing.com/equities/aveva-group-ratios,
AVI Global,AVI Global,AGT,UK,,https://www.investing.com/equities/british-empire-trust-ratios,
Aviva,Aviva,AV,UK,Insurance,https://www.investing.com/equities/aviva-ratios,Maybe
B&M Retail Value,B&M Retail Value,BME,UK,Retail,https://www.investing.com/equities/b-m-european-value-retail-sa-ratios,
BA Tobacco,BA Tobacco,BATS,UK,Tobacco,https://www.investing.com/equities/british-american-tobacco-ratios,
Bacanora,Bacanora,BCN,UK,,https://www.investing.com/equities/bacanora-minerals-ltd-ratios?cid=942384,
Bakkavor Group,Bakkavor Group,BAKK,UK,,https://www.investing.com/equities/bakkavor-ratios,
Balfour Beatty,Balfour Beatty,BBY,UK,Infrastructure,https://www.investing.com/equities/balfour-beatty-ratios,
Bank of Georgia,Bank of Georgia,BGEO,UK,,https://www.investing.com/equities/bank-of-georgia-holdings-plc-ratios,Maybe
Bankers Trust,Bankers Trust,BNKR,UK,,https://www.investing.com/equities/bankers-investment-trust-ratios,
Barclays,Barclays,BARC,UK,Banking,https://www.investing.com/equities/barclays-ratios,
Barr's,Barr's,BAG,UK,Food & Bev,https://www.investing.com/equities/a.g-barr-plc-ratios,
Barratt,Barratt,BDEV,UK,Housing,https://www.investing.com/equities/barratt-developments-ratios,Maybe
BB Healthcare,BB Healthcare,BBH,UK,,https://www.investing.com/equities/bb-healthcare-trust-plc-ratios,
Beazley Group,Beazley Group,BEZ,UK,,https://www.investing.com/equities/beazley-group-ratios,
Bellway Homes,Bellway Homes,BWY,UK,Housing,https://www.investing.com/equities/bellway-ratios,
Berkeley Group,Berkeley Group,BKG,UK,,https://www.investing.com/equities/berkeley-group-holdings-plc-ratios,
BHP,BHP,BHP,UK,Mining,https://www.investing.com/equities/bhp-billiton-ratios,
Biffa,Biffa,BIFF,UK,,https://www.investing.com/equities/biffa-plc-ratios,
Blue Prism,Blue Prism,PRSM,UK,,https://www.investing.com/equities/blue-prism-group-plc-ratios,
Blue Field,Blue Field,BSIF,UK,,https://www.investing.com/equities/bluefield-s-ratios,
Bodycote,Bodycote,BOY,UK,Infrastructure,https://www.investing.com/equities/bodycote-ratios,
Boohoo,Boohoo,BOO,UK,eCommerce,https://www.investing.com/equities/boohoo-ratios,
BP,BP,BP,UK,Energy,https://www.investing.com/equities/bp-ratios,
Breedon,Breedon,BREE,UK,,https://www.investing.com/equities/breedon-aggregates-ltd-ratios,
Brewin Dolphin,Brewin Dolphin,BRW,UK,,https://www.investing.com/equities/brewin-dolphin-holdings-ratios,
Britvic,Britvic,BVIC,UK,Food & Bev,https://www.investing.com/equities/britvic-ratios,
BT,BT,BTA,UK,Telecomms,https://www.investing.com/equities/bt-group-ratios,
Bunzl,Bunzl,BNZL,UK,Logistics,https://www.investing.com/equities/bunzl-ratios,
Burberry,Burberry,BRBY,UK,Fashion,https://www.investing.com/equities/burberry-ratios,
Burford Capital,Burford Capital,BUR,UK,IM,https://www.investing.com/equities/burford-capital-ltd-ratios,Maybe
Bushveld,Bushveld,BMN,UK,,https://www.investing.com/equities/bushveld-minerals-ltd-ratios,
Cairn Energy,Cairn Energy,CNE,UK,,https://www.investing.com/equities/cairn-energy-ratios,
Capita,Capita,CPI,UK,,https://www.investing.com/equities/capita-group-ratios,
Card Factory,Card Factory,CARD,UK,Retail,https://www.investing.com/equities/card-factor-ratios,Maybe
Carnival,Carnival,CCL,UK,Travel,https://www.investing.com/equities/carnival-corporation-ratios,Maybe
Centamin,Centamin,CEY,UK,Gold Mining,https://www.investing.com/equities/centamin-egypt-ratios,
Central Asia Metals,Central Asia Metals,CAML,UK,,https://www.investing.com/equities/central-asia-metals-plc-ratios,Maybe
Centrica,Centrica,CNA,UK,Energy,https://www.investing.com/equities/centrica-ratios,
Ceres,Ceres,CWR,UK,,https://www.investing.com/equities/ceres-power-holdings-ratios,
Charter Comms,Charter Comms,CHTR,UK,,,
Chemring Group,Chemring Group,CHG,UK,,https://www.investing.com/equities/chemring-ratios,
Chesnara,Chesnara,CSN,UK,,https://www.investing.com/equities/chesnara-plc-ratios,Maybe
Chi-Med,Chi-Med,HCM,UK,,https://www.investing.com/equities/hutchison-china-meditech-ltd-ratios,
China Special,China Special,FCSS,UK,,https://www.investing.com/equities/fidelity-china-ratios,
Cineworld,Cineworld,CINE,UK,Entertainment,https://www.investing.com/equities/cineworld-group-plc-ratios,
Circassia,Circassia,CIR,UK,,https://www.investing.com/equities/circassia-ratios,
City of London,City of London,CTY,UK,IM,https://www.investing.com/equities/city-of-london-investment-trust-ratios,Maybe
Clarkson,Clarkson,CKN,UK,,https://www.investing.com/equities/clarkson-plc-ratios,
Clinigen,Clinigen,CLIN,UK,,https://www.investing.com/equities/clinigen-group-ratios,
Close Brothers Group,Close Brothers Group,CBG,UK,,https://www.investing.com/equities/close-brothers-ratios?cid=25635,
CLS Holdings,CLS Holdings,CLIN,UK,,https://www.investing.com/equities/cls-holdings-ratios,
Coats Group,Coats Group,COA,UK,,https://www.investing.com/equities/coats-group-ratios,
Coca-Cola HBC,Coca-Cola HBC,CCH,UK,,https://www.investing.com/equities/cocacola-hb-ratios,
Commercial Property,Commercial Property,BCPT,UK,Fund,https://www.investing.com/equities/f-c-com-prop-trust-ratios,
Compass,Compass,CPG,UK,Food & Bev,https://www.investing.com/equities/compass-group-ratios,
Commputacenter,Commputacenter,CCC,UK,,https://www.investing.com/equities/computacenter-ratios,
Contour Global,Contour Global,GLO,UK,,https://www.investing.com/equities/contourglobal-ratios,
Convatec,Convatec,CTEC,UK,Medical ,https://www.investing.com/equities/convatec-group-plc-ratios,
Countryside,Countryside,CSP,UK,,https://uk.investing.com/equities/countryside-properties-plc-ratios,
Cranswick,Cranswick,CWK,UK,,https://uk.investing.com/equities/cranswick-plc-ratios,
Crest Nicholson,Crest Nicholson,CRST,UK,,https://uk.investing.com/equities/crest-nicholson-ratios,
CRH,CRH,CRH,UK,,https://uk.investing.com/equities/crh-ratios,
Croda,Croda,CRDA,UK,,https://uk.investing.com/equities/crh-ratios,
CVS,CVS,CVSG,UK,,https://uk.investing.com/equities/cvs-group-plc-ratios,
CYBG,CYBG,,UK,Banking,,
DCC,DCC,DCC,UK,,https://uk.investing.com/equities/dcc-plc-exch-ratios,
Dechra Pharmaceuticals,Dechra Pharmaceuticals,DPH,UK,,https://uk.investing.com/equities/dechra-pharma-ratios,
Developed Property,Developed Property,IWDP,UK,,https://uk.investing.com/etfs/ishares-ftse-nareit-dev.-markets,
DFS,DFS,DFS,UK,,https://uk.investing.com/equities/dfs-furniture-plc-ratios,
Debenhams,Debenhams,,UK,Retail,,
Diageo,Diageo,DGE,UK,Food & Bev,https://uk.investing.com/equities/diageo-ratios,
Diploma,Diploma,DPLM,UK,,https://uk.investing.com/equities/diploma--plc-ratios,
Direct Line,Direct Line,DLG,UK,Insurance,https://uk.investing.com/equities/direct-line-ratios,Maybe
Diversified Gas & Oil,Diversified Gas & Oil,DGOC,UK,,https://uk.investing.com/equities/diversified-gas---oil-plc-ratios,
Dixons Carphone,Dixons Carphone,DC,UK,Retail,https://uk.investing.com/equities/carphone-warehouse-group-ratios,
Dominos Pizza,Dominos Pizza,DOM,UK,Food & Bev,https://uk.investing.com/equities/dominos-pizza-ukir-ratios,
Draper Esprit,Draper Esprit,GROW,UK,,https://uk.investing.com/equities/draper-esprit-plc-ratios,
Drax Group,Drax Group,DRX,UK,,https://uk.investing.com/equities/drax-ratios,
DS Smith,DS Smith,SMDS,UK,Manufacturer,https://uk.investing.com/equities/ds-smith-ratios,
Dunelm Group,Dunelm Group,DNLM,UK,,https://uk.investing.com/equities/dunelm-group-ratios,
Edinburgh Trust,Edinburgh Trust,EDIN,UK,,https://uk.investing.com/equities/edinburgh-investment-trust-ratios,
Edinburgh World,Edinburgh World,EWI,UK,,https://uk.investing.com/equities/edinburgh-worldwide-inv-trust-plc-ratios,
Electrocomponents,Electrocomponents,ECM,UK,,https://uk.investing.com/equities/electrocomponents-ratios,
Elementis,Elementis,ELM,UK,,https://www.investing.com/equities/elementis-plc-ratios,Maybe
EM Bond,EM Bond,EMHG,UK,,,
Emerging Markets,Emerging Markets,GSS,UK,,https://uk.investing.com/equities/genesis-emf-ratios,
Emerging Markets,Emerging Markets,UEM,UK,,https://uk.investing.com/equities/utilico-emerging-markets-ltd-ratios,
Emerging Markets,Emerging Markets,TEM,UK,,https://uk.investing.com/equities/templeton-emerging-ratios,
Emerging Markets,Emerging Markets,JMG,UK,,https://uk.investing.com/equities/jp-morgan-emergin-ratios,
Emis,Emis,EMIS,UK,,https://uk.investing.com/equities/emisphere-tech-ratios,
Empiric Student Property,Empiric Student Property,ESP,UK,,https://uk.investing.com/equities/empiric-student-property-plc-ratios,
Energean,Energean,ENOG,UK,,https://uk.investing.com/equities/energean-oil-gas-ratios,
Equiniti,Equiniti,EQN,UK,,https://www.investing.com/equities/equiniti-group-plc-ratios,
Essentra,Essentra,ESNT,UK,,https://uk.investing.com/equities/essentra-plc-ratios,
EURO STOXX 50,EURO STOXX 50,CS51,UK,,,
EURO STOXX Div,EURO STOXX Div,IDVY,UK,,,
Euromoney Institutional,Euromoney Institutional,ERM,UK,,https://uk.investing.com/equities/euromoney-ratios,
Europe Small Co,Europe Small Co,JESC,UK,,https://uk.investing.com/equities/jp-morgan-eur-smaller-companies-ratios,
European Opportunities Trust,European Opportunities Trust,JEO,UK,,https://uk.investing.com/equities/jupiter-european-opps-trust-plc-ratios,
European Values,European Values,FEV,UK,,https://uk.investing.com/equities/fidelity-european-ratios,
Evraz Steel,Evraz Steel,EVR,UK,,https://uk.investing.com/equities/evraz-ratios,
Experian,Experian,EXPN,UK,Data,https://uk.investing.com/equities/experian-ord-usd0-ratios,
F&C Trust,F&C Trust,FCIT,UK,,https://uk.investing.com/equities/foreign-and-colonial-inv-trust-ratios,
Fallen Angels,Fallen Angels,WIGG,UK,,,
Ferguson,Ferguson,FERG,UK,,https://uk.investing.com/equities/wolseley-ratios,
Ferrexpo,Ferrexpo,FXPO,UK,,https://uk.investing.com/equities/ferrexpo-ratios,
Fever Tree,Fever Tree,FEVR,UK,Food & Bev,https://uk.investing.com/equities/fevertree-drinks-plc-ratios,
First Derivatives,First Derivatives,FDP,UK,,https://uk.investing.com/equities/first-derivatives-plc-ratios,
FirstGroup,FirstGroup,FGP,UK,,https://uk.investing.com/equities/firstgroup-ratios,Maybe
Flutter Entertainment,Flutter Entertainment,FLTR,UK,,https://uk.investing.com/equities/paddy-power-ratios,
Foresight Solar,Foresight Solar,FSFL,UK,,https://uk.investing.com/equities/foresight-solar-fund-ltd-ratios,
Forterra,Forterra,FORT,UK,,https://uk.investing.com/equities/forterra-plc-ratios,
Frasers Group,Frasers Group,FRAS,UK,,https://uk.investing.com/equities/sports-direct-ratios,Maybe
Fresnillo,Fresnillo,FRES,UK,Mining,https://uk.investing.com/equities/fresnillo-ratios,
Frontier,Frontier,FDEV,UK,,https://uk.investing.com/equities/frontier-de-ratios,
FTSE 100,FTSE 100,VUKE,UK,,,
FTSE 100,FTSE 100,ISF,UK,,,
FTSE 250,FTSE 250,VMID,UK,,,
FTSE 250,FTSE 250,MIDD,UK,,,
FTSE All World,FTSE All World,VWRL,UK,,,
FTSE All World Div,FTSE All World Div,VHYL,UK,,,
FTSE Dev Europe,FTSE Dev Europe,VEUR,UK,,,
FTSE EM,FTSE EM,VFEM,UK,,,
FTSE Japan,FTSE Japan,VJPN,UK,,,
FTSE UK All Share,FTSE UK All Share,FTAD,UK,,,
Fullers,Fullers,FSTA,UK,Pubs,https://uk.investing.com/equities/fuller-smith---turner-ratios,
Funding Circle,Funding Circle,FCH,UK,P2P lending,https://uk.investing.com/equities/funding-circle-ratios,
Future,Future,FUTR,UK,,https://uk.investing.com/equities/future-plc-ratios,
G4S,G4S,GFS,UK,Security,https://uk.investing.com/equities/group-4-securicor-ratios,
Galliford Try Holdings Plc,Galliford Try Holdings Plc,GFRD,UK,,https://uk.investing.com/equities/galliford-try-ratios,
Games Workshop,Games Workshop,GAW,UK,Toys,https://uk.investing.com/equities/games-works-ratios,
Gamesys,Gamesys,GYS,UK,,https://uk.investing.com/equities/jackpotjoy-plc-ratios,
Gamma Comm,Gamma Comm,GAMA,UK,,https://uk.investing.com/equities/gamma-communications-plc-ratios,
GB,GB,GBG,UK,,https://uk.investing.com/equities/gb-group-ratios,
GCP Infrastructure,GCP Infrastructure,GCP,UK,,https://uk.investing.com/equities/gcp-infrastructure-investments-ratios,
Genus,Genus,GNS,UK,,https://uk.investing.com/equities/genus-ratios,
Glencore,Glencore,GLEN,UK,Mining,https://uk.investing.com/equities/glencore-ratios,
Global Agg. Bond,Global Agg. Bond,AGBP,UK,,,
Global Clean Energy,Global Clean Energy,INRG,UK,,,
Global Corp Bond,Global Corp Bond,CRHG,UK,,,
Global Govt Bond,Global Govt Bond,IGLH,UK,,,
Global Private Equity,Global Private Equity,HVPE,UK,,https://uk.investing.com/equities/harbourvest-global-private-equity-ratios,
Global Water,Global Water,IH2O,UK,,,
Go-Ahead,Go-Ahead,GOG,UK,,https://uk.investing.com/equities/go-ahead-group-ratios,Maybe
Gold Producers,Gold Producers,SPGP,UK,,,
Grainger,Grainger,GRI,UK,,https://uk.investing.com/equities/grainger-trust-ratios,
Greatland Gold,Greatland Gold,GGP,UK,,https://uk.investing.com/equities/greatland-gold-plc-ratios,
Greencoat UK,Greencoat UK,UKW,UK,,https://uk.investing.com/equities/greencoat-u-ratios,
Greencore,Greencore,GNC,UK,Food & Bev,https://uk.investing.com/equities/greencore-group-plc-ratios,Maybe
Greene King,Greene King,,UK,Food & Bev,,
Greggs,Greggs,GRG,UK,Food & Bev,https://uk.investing.com/equities/greggs-ratios,
Growth & Income,Growth & Income,FGT,UK,,https://uk.investing.com/equities/finsbury-growth---income-trust-ratios,
GSK,GSK,GSK,UK,Pharmaceutical,https://uk.investing.com/equities/glaxosmithkline-ratios,
GVC,GVC,GVC,UK,Gambling,https://uk.investing.com/equities/gvc-holdings-plc-ratios,
Halfords,Halfords,HFD,UK,Retail,https://uk.investing.com/equities/halfords-group-ratios,
Halma,Halma,HLMA,UK,Tech,https://uk.investing.com/equities/halma-ratios,
Hays,Hays,HAS,UK,Recruitment,https://uk.investing.com/equities/hays-ratios,
Henderson Smaller Company,Henderson Smaller Company,HSL,UK,,https://uk.investing.com/equities/henderson-sml-co-common-stock-ratios,
Herald Investment Trust,Herald Investment Trust,HRI,UK,,https://uk.investing.com/equities/herald-investment-trust-ratios,
Hg Capital,Hg Capital,HGT,UK,,https://uk.investing.com/equities/hg-capital-trust-plc-ratios,Maybe
HICL Infrastructure,HICL Infrastructure,HICL,UK,,https://uk.investing.com/equities/hicl-infrastructure-ratios,
Highland Gold,Highland Gold,HGM,UK,,https://uk.investing.com/equities/highland-gold-mining-ltd-ratios,Maybe
Hikma Pharmaceuticals,Hikma Pharmaceuticals,HIK,UK,,https://uk.investing.com/equities/hikma-pharmaceuticals-ratios,
Hill & Smith,Hill & Smith,HILS,UK,,https://uk.investing.com/equities/hill---smith-holdings-plc-ratios,
Hilton Food,Hilton Food,HFG,UK,,https://uk.investing.com/equities/hilton-food-group-plc-ratios,
HL,HL,HLMA,UK,Investment Firm,https://uk.investing.com/equities/halma-ratios,
Hochschild Mining,Hochschild Mining,HOC,UK,,https://uk.investing.com/equities/hochschild-min-ratios,
Hollywood Bowl,Hollywood Bowl,BOWL,UK,,https://uk.investing.com/equities/hollywood-bowl-group-plc-ratios,
HomeServe,HomeServe,HSV,UK,Repair,,
Howden Joinery,Howden Joinery,HWDN,UK,,https://uk.investing.com/equities/howden-join,
HSBC,HSBC,HSBA,UK,Banking,https://uk.investing.com/equities/hsbc-holdings-ratios,
Hunting,Hunting,HTG,UK,,https://uk.investing.com/equities/hunting-ratios,Maybe
Hurricane Energy,Hurricane Energy,HUR,UK,,https://uk.investing.com/equities/hurricane-e-ratios,Maybe
HY Corp Bond,HY Corp Bond,SSHY,UK,,,
HY Corp Bond Hdgd,HY Corp Bond Hdgd,STHS,UK,,,
Ibstock,Ibstock,IBST,UK,Manufacturer ,https://uk.investing.com/equities/ibstock-plc-ratios,
ICG Enterprise,ICG Enterprise,ICGT,UK,,https://uk.investing.com/equities/graphite-enterprise-trust-plc-ratios,
IG,IG,IGG,UK,Investment Firm,https://uk.investing.com/equities/india-capital-growth-fund-ratios,
IHG,IHG,IHG,UK,Hotels,https://uk.investing.com/equities/intercontinental-hotels-group-ratios,
IMI,IMI,IMI,UK,,https://uk.investing.com/equities/imi-ratios,
Impax Enviro,Impax Enviro,IEM,UK,,https://uk.investing.com/equities/impax-environmental-ratios,
Imperial Brands,Imperial Brands,IMB,UK,Tobacco,https://uk.investing.com/equities/imperial-tobacco-ratios,
Inchcape,Inchcape,INCH,UK,,https://uk.investing.com/equities/inchcape-ratios,
Income & Growth,Income & Growth,PLI,UK,,https://uk.investing.com/equities/perpetual-inc---growth-ratios,
Indexed UK Gilts,Indexed UK Gilts,INXG,UK,,,
Indian Investment,Indian Investment,JII,UK,,https://uk.investing.com/equities/jp-morgan-indian-investment-trst-ratios,
Informa,Informa,INF,UK,BI,https://uk.investing.com/equities/informa-ratios,
IntegraFin,IntegraFin,IHP,UK,,https://uk.investing.com/equities/integrafin-ratios,
Intermediate Capital Group,Intermediate Capital Group,ICP,UK,,https://uk.investing.com/equities/intermediate-capital-group-ratios,
International Public Partner,International Public Partner,INPP,UK,,https://uk.investing.com/equities/intl-public-partnership-ratios,
Intertek,Intertek,ITRK,UK,Safety,https://uk.investing.com/equities/intertek-testing-services-ratios,
Investec,Investec,INVP,UK,,https://uk.investing.com/equities/investec-ratios,Yes
Iomart,Iomart,IOM,UK,,https://uk.investing.com/equities/iomart-group-ratios,
IP Group,IP Group,IPO,UK,,https://uk.investing.com/equities/ip-group-plc-ratios,
IQE,IQE,IQE,UK,,https://uk.investing.com/equities/international-quantum-epitaxy-ratios,
ITM Power,ITM Power,ITM,UK,,https://uk.investing.com/equities/itm-power-plc-ratios,
ITV,ITV,ITV,UK,TV,https://uk.investing.com/equities/itv-ratios,
IWG,IWG,IWG,UK,Outsourcing,https://uk.investing.com/equities/regus-group-ratios,
J.P.M. EM $ Govt Bnd,J.P.M. EM $ Govt Bnd,SEMB,UK,,,
J.P.M. EM Govt Bnd,J.P.M. EM Govt Bnd,SEML,UK,,,
James Fisher & Sons,James Fisher & Sons,FSJ,UK,,https://uk.investing.com/equities/james-fisher-and-sons-ratios,
Japan Small Cap,Japan Small Cap,ISJP,UK,,,
Japan Trust,Japan Trust,BGFD,UK,,https://uk.investing.com/equities/baillie-gifford-japan-trust-plc-ratios,
Japanese Investment,Japanese Investment,JFJ,UK,,https://uk.investing.com/equities/jpmorgan-japanese-inv.-trust-plc-ratios,
JD Sports,JD Sports,JD,UK,Retail,https://uk.investing.com/equities/jd-sports-fashion-ratios,
JLEN Enviro,JLEN Enviro,JLEN,UK,,https://uk.investing.com/equities/john-laing-env-ratios,
John Laing,John Laing,JLG,UK,,https://uk.investing.com/equities/john-laing-group-plc-ratios,
Johnson Mathey,Johnson Mathey,JMAT,UK,Chemicals,https://uk.investing.com/equities/johnson-matthey-ratios,
Johnson Service Group,Johnson Service Group,JSG,UK,,https://uk.investing.com/equities/johnson-service-group-plc-ratios,
Jubilee Metals,Jubilee Metals,JLP,UK,,https://uk.investing.com/equities/jubilee-platinum-plc-ratios,
Jupiter,Jupiter,JUP,UK,,https://uk.investing.com/equities/jupiter-fund-management-ratios,
Just Eat,Just Eat,JET,UK,Tech,https://uk.investing.com/equities/takeaway-com-holding-bv-ratios?cid=1156715,
Kainos Group,Kainos Group,KNOS,UK,,https://uk.investing.com/equities/kainos-group-plc-ratios,
KAZ Minerals,KAZ Minerals,KAZ,UK,,https://uk.investing.com/equities/kazakhmys-ratios,
Keywords Studios,Keywords Studios,KWS,UK,,https://uk.investing.com/equities/keywords-st-ratios,
Kier Group,Kier Group,KIE,UK,Construction,https://uk.investing.com/equities/kier-group-ratios,
Kingfisher,Kingfisher,KGF,UK,Retail,https://uk.investing.com/equities/kingfisher-ratios,
Law Debenture Corporation,Law Debenture Corporation,LWDB,UK,,https://uk.investing.com/equities/law-debenture-corp-ratios,
Learning Tech,Learning Tech,LTG,UK,,https://uk.investing.com/equities/learning-tech-ratios,
Legal and General,Legal and General,LGEN,UK,Insurance,https://uk.investing.com/equities/legal---general-ratios,
Lloyds,Lloyds,LLOY,UK,Banking,https://uk.investing.com/equities/lloyds-banking-grp-ratios,
LSE,LSE,LSE,UK,,https://uk.investing.com/equities/london-stock-exchange-ratios,
M&C Saatchi,M&C Saatchi,SAA,UK,,https://uk.investing.com/equities/m-c-saatchi-plc-ratios,
M&G,M&G,MNG,UK,,https://uk.investing.com/equities/m-and-g-plc-ratios,
M&S,M&S,MKS,UK,Retail,https://uk.investing.com/equities/marks---spencer-group-ratios,
Man Group,Man Group,EMG,UK,Fund,https://uk.investing.com/equities/man-group-ratios,
Marshalls,Marshalls,MSLH,UK,,https://uk.investing.com/equities/marshalls-ratios,
Marston's,Marston's,MARS,UK,,https://uk.investing.com/equities/marstons-ratios,
McCarthy & Stone,McCarthy & Stone,MCS,UK,,https://uk.investing.com/equities/mccarthy---stone-plc-ratios,
Mediclinic,Mediclinic,MDC,UK,Homebuilding,https://uk.investing.com/equities/al-noor-hosp-ratios,Maybe
Meggitt,Meggitt,MGGT,UK,,https://uk.investing.com/equities/meggitt-ratios,
MelodyVR,MelodyVR,MVR,UK,,https://uk.investing.com/equities/armstrong-ventures-ratios,
Melrose,Melrose,MRO,UK,,https://uk.investing.com/equities/melrose-ratios,
Mercantile,Mercantile,MRC,UK,,,
Merchants,Merchants,MRCH,UK,,,
Mercia,Mercia,MERC,UK,,,
Merlin,Merlin,,UK,Attractions,,
Metro Bank,Metro Bank,MTRO,UK,Banking,,
Micro Focus,Micro Focus,MCRO,UK,Software,,
Millennium Hotels,Millennium Hotels,,UK,Hotels,,
Mitchell & Butlers,Mitchell & Butlers,MAB,UK,Restaurants,,
Mitie,Mitie,MTO,UK,,,
Momentum Factor,Momentum Factor,IWFM,UK,,,
Mondi,Mondi,MNDI,UK,Manufacturer,,
MoneySuperMarket,MoneySuperMarket,MONY,UK,Online,,
Monks Trust,Monks Trust,MNKW,UK,Fund,,
Morgan Advanced,Morgan Advanced,MGAM,UK,,,
Morgan Sindall,Morgan Sindall,MGNS,UK,,,
Morrisons,Morrisons,MRW,UK,Supermarket,,
MSCI China,MSCI China,HMCH,UK,,,
MSCI EM,MSCI EM,EMIM,UK,,,
MSCI World,MSCI World,IWDG,UK,,,
Murray Income,Murray Income,MUT,UK,,,
Murray Int,Murray Int,MYI,UK,,,
Naked Wines,Naked Wines,WINE,UK,,,
NASDAQ 100,NASDAQ 100,EQQQ,UK,,,
National Express,National Express,NEX,UK,Transport,,
National Grid,National Grid,NG,UK,Energy,,
NB Global,NB Global,NBLS,UK,,,
Network International,Network International,NETW,UK,,,
Next,Next,NXT,UK,Retail,,
Non-Standard Finance,Non-Standard Finance,NSF,UK,,,
Ocado,Ocado,OCDO,UK,Supermarket,,
On The Beach,On The Beach,OTB,UK,,,
Onesavings,Onesavings,OSB,UK,Banking,,
Oriental Income,Oriental Income,SOI,UK,,,
Oxford Biomed,Oxford Biomed,OXB,UK,,,
Oxford Instruments,Oxford Instruments,OXIG,UK,,,
Pacific Ex-Japan,Pacific Ex-Japan,CPJ1,UK,,,
Pagegroup,Pagegroup,PAGE,UK,,,
Pan African Resources,Pan African Resources,PAF,UK,,,
Pantheon,Pantheon,PIN,UK,,,
Paragon Banking,Paragon Banking,PAG,UK,,,
Paddy Power Betfair,Paddy Power Betfair,,UK,Gambling,,
PayPoint,PayPoint,PAY,UK,,,
Pearson,Pearson,PSON,UK,Education,,
Pennon Group,Pennon Group,PNN,UK,,,
Pershing Square Holdings,Pershing Square Holdings,PSH,UK,,,
Persimmon,Persimmon,PSN,UK,Housing,,
Personal Assets,Personal Assets,PNL,UK,,,
Petrofac,Petrofac,PFC,UK,,,
Pets at Home,Pets at Home,PETS,UK,Retail,,
Phoenix Group,Phoenix Group,PHNX,UK,,,
Physical Gold,Physical Gold,SGLN,UK,,,
Physical Silver,Physical Silver,PHSP,UK,,,
Playtech,Playtech,PTEC,UK,,,
Plus500,Plus500,PLUS,UK,,,
Polar Technology,Polar Technology,PCT,UK,,,
Pollen Street,Pollen Street,PSSL,UK,,,
Polymetal,Polymetal,POLY,UK,,,
Polypipe,Polypipe,PLP,UK,,,
PPHE Hotel,PPHE Hotel,PPH,UK,,,
Premier Oil,Premier Oil,PMO,UK,,,
Provident,Provident,PFG,UK,Finance,,
Prudential,Prudential,PRU,UK,Finance,,
Public Private,Public Private,SUPP,UK,,,
PureTech Health,PureTech Health,PRTC,UK,,,
Purplebricks,Purplebricks,PURP,UK,,,
PZ Cussons,PZ Cussons,PZC,UK,,,
Quilter,Quilter,QLT,UK,,,
Rank,Rank,RNK,UK,,,
Rathbone,Rathbone,RAT,UK,,,
RBS,RBS,RBS,UK,Banking,,
Reabold,Reabold,RBD,UK,,,
Reckitt Benckiser,Reckitt Benckiser,RB,UK,Consumer Goods,,
Redde Northgate,Redde Northgate,REDD,UK,,,
Redrow,Redrow,RDW,UK,,,
Relx,Relx,REL,UK,Software,,
Renewables Infrastructure,Renewables Infrastructure,TRIG,UK,,,
Renishaw,Renishaw,RSW,UK,,,
Rentokil,Rentokil,RTO,UK,Household Goods,,
Restaurant Group,Restaurant Group,RTN,UK,,,
Rightmove,Rightmove,RMV,UK,Online,,
Rio Tinto,Rio Tinto,RIO,UK,Mining,,
RIT Capital,RIT Capital,RCP,UK,,,
Riverstone Energy,Riverstone Energy,RSE,UK,,,
Robo Global,Robo Global,ROBG,UK,,,
Robotics,Robotics,RBTX,UK,,,
Rotork,Rotork,ROR,UK,,,
Royal Mail,Royal Mail,RMG,UK,Logistics,,
RSA,RSA,RSA,UK,Insurance,,
Russell 2000,Russell 2000,XRSG,UK,,,
Russell Midcap,Russell Midcap,XRSS,UK,,,
RWS,RWS,RWS,UK,,,
S&P 500,S&P 500,GSPX,UK,,,
S&P 500,S&P 500,VUSA,UK,,,
S&P 500,S&P 500,IUSA,UK,,,
S&P 500,S&P 500,CSP1,UK,,,
S&P 500 Financials Sector,S&P 500 Financials Sector,UIFS,UK,,,
S&P Div Aristocrat,S&P Div Aristocrat,USDV,UK,,,
S&P UK Div,S&P UK Div,UKDV,UK,,,
Sabre Insurance,Sabre Insurance,SBRE,UK,,,
Saga,Saga,SAGA,UK,,,
Sage,Sage,SGE,UK,Software,,
Sainsbury's,Sainsbury's,SBRY,UK,Supermarket,,
Sanne Group,Sanne Group,SNN,,,,
Salesforce,Salesforce,,UK,Software,,
Savills,Savills,SVS,UK,Real Estate,,
Scapa,Scapa,SCPA,,,,
Schroder Asia Pacific Fund,Schroder Asia Pacific Fund,SDP,,,,
Schroders,Schroders,SDR,,,,
Scottish American,Scottish American,SAIN,,,,
Scottish Invest Trust,Scottish Invest Trust,SCIN,,,,
Senior,Senior,SNR,,,,
Sequoia,Sequoia,SEQI,,,,
Serco Group,Serco Group,SRP,,,,
Serica,Serica,SQZ,,,,
Severn Trent,Severn Trent,SVT,UK,Utilities,,
Shell,Shell,RDSB,,,,
Shin Nippon plc,Shin Nippon plc,BGS,,,,
SIG,SIG,SHI,,,,
Signature Aviation,Signature Aviation,SIG,,,,
Sirius Real Estate,Sirius Real Estate,SRE,,,,
Small Cap 600,Small Cap 600,ISP6,,,,
Smaller Companies,Smaller Companies,BGSC,,,,
Smaller Companies,Smaller Companies,BRSC,,,,
Smart Metering Systems,Smart Metering Systems,SMS,,,,
Sirius Minerals,Sirius Minerals,,UK,Mining,,
Smith & Nephew,Smith & Nephew,SN,UK,Manufacturer,,
Smiths,Smiths,SMIN,UK,Manufacturer,,
Smithson Trust,Smithson Trust,SSON,,,,
SMT,SMT,SMT,,,,
Smurfit Kappa,Smurfit Kappa,SKG,,,,
Softcat,Softcat,SCT,,,,
Sound Energy,Sound Energy,SOU,,,,
Special Values,Special Values,FSV,,,,
Spectris,Spectris,SXS,,,,
Spirax Sarco,Spirax Sarco,SPX,,,,
Spirent,Spirent,SPT,,,,
Snap,Snap,,UK,App,,
Sports Direct,Sports Direct,,UK,Retail,,
SSE,SSE,SSE,UK,Energy,,
SSP Group,SSP Group,SSPG,,,,
St James's Place,St James's Place,STJ,,,,
St Modwen Properties,St Modwen Properties,SMP,,,,
Staffline,Staffline,STAF,,,,
Stagecoach,Stagecoach,SGC,UK,Transport,,
Standard Chartered,Standard Chartered,STAN,UK,Banking,,
Standard Life,Standard Life,SLA,,,,
Standard Life Private Equity,Standard Life Private Equity,SLPE,,,,
Stobart,Stobart,STOB,,,,
STOXX Europe 600,STOXX Europe 600,XSX6,,,,
Strix,Strix,KETL,,,,
Super Dry,Super Dry,SDRY,UK,Retail,,
Syncona,Syncona,SYNC,,,,
Synthomer,Synthomer,SYNT,,,,
TalkTalk Group,TalkTalk Group,TALKK,UK,Telecomms,,
Tate & Lyle,Tate & Lyle,TATE,UK,Food & Bev,,
Taylor Wimpey,Taylor Wimpey,TW,UK,Housing,,
TBC Bank,TBC Bank,TBCG,,,,
Ted Baker,Ted Baker,TED,UK,Fashion,,
Telecom Plus,Telecom Plus,TEP,,,,
Temple Bar Investment Trust,Temple Bar Investment Trust,TMPL,,,,
Tesco,Tesco,TSCO,UK,Supermarket,,
The Gym Group,The Gym Group,GYM,UK,Gym,,
TI Fluid Systems,TI Fluid Systems,TIFS,,,,
TP ICAP,TP ICAP,TCAP,,,,
TR Property,TR Property,TRY,,,,
Trainline,Trainline,TRN,,,,
Travis Perkins,Travis Perkins,TPK,UK,Manufacturer,,
Tullow Oil,Tullow Oil,TLW,,,,
UDG Healthcare,UDG Healthcare,UDG,,,,
UK All Share,UK All Share,FTAL,UK,Exchange,,
UK Dividend,UK Dividend,IUKD,,,,
UK Gilts,UK Gilts,VGOV,,,,
UK Gilts 0-5yr,UK Gilts 0-5yr,IGLS,,,,
UK Oil & Gas,UK Oil & Gas,UKOG,,,,
UK Property,UK Property,IUKP,,,,
Ultra Electronics,Ultra Electronics,ULE,,,,
Ultrashort $,Ultrashort $,ERNU,,,,
Unilever,Unilever,ULVR,UK,Consumer Goods,,
United Utilities,United Utilities,UU,UK,Water,,
US Corp Bond,US Corp Bond,VUVP,,,,
US Gvt Bnd 1-3yr,US Gvt Bnd 1-3yr,CU31,,,,
US Gvt Bnd 20+ yr,US Gvt Bnd 20+ yr,IDTG,,,,
US Gvt Bnd 7-10yr,US Gvt Bnd 7-10yr,TRXS,,,,
US Gvt Bnd 7-10yr,US Gvt Bnd 7-10yr,IBMT,,,,
US HY Corp Bond,US HY Corp Bond,IHHG,,,,
US Tech Sector,US Tech Sector,IITU,,,,
Vectura,Vectura,VEC,,,,
Versarien,Versarien,VRS,,,,
Vertu,Vertu,VTU,,,,
Vesuvius,Vesuvius,VSVS,,,,
Victoria,Victoria,VCP,,,,
Victrex,Victrex,VCT,,,,
Vietnam Enerprise,Vietnam Enerprise,VEIL,,,,
Vietnam Opportunity,Vietnam Opportunity,VOF,,,,
Virgin Money,Virgin Money,VMUK,,,,
Vistry Group Plc,Vistry Group Plc,VTY,,,,
Vivo Energy,Vivo Energy,VVO,,,,
Vodafone,Vodafone,VOD,UK,Telecomms,,
Watkins Jones,Watkins Jones,WJG,,,,
Weir Group,Weir Group,WEIR,,,,
WetherSpoons,WetherSpoons,JDW,UK,Restaurants,,
Whitbread,Whitbread,WTB,UK,Restaurants,,
WHSmiths,WHSmiths,SMWH,UK,Retail,,
William Hill,William Hill,WHM,UK,Gambling,,
Wood Group,Wood Group,WG,UK,Energy,,
WPP,WPP,WPP,UK,Advertising,,
Yellow Cake,Yellow Cake,YCA,,,,
Young & Co's,Young & Co's,YNGN,,,,
£ Corp Bond,£ Corp Bond,SLXX,,,,
£ Corp Bond 0-5yr,£ Corp Bond 0-5yr,IS15,,,,
£ Corp Bond ex Fin,£ Corp Bond ex Fin,ISXF,,,,
£ Ultrashort,£ Ultrashort,ERNS,,,,
